{"System Name": "abl_wt", "Optimized max_seq": "256", "Optimized extra_seq": "512", "C-Alpha Selection": "135:195", "Detected WT States": 3, "WT Ground Population": " 85.6%", "Alternative State Populations": ["S2: 10.0%", "S3: 4.4%"], "# Tested Mutations": 10, "Tested Variants": ["Abl1 E255V", "Abl1 F382L", "Abl1 E255V+T315I", "Abl1 E255K+T315I", "Abl1", "Abl1 F382V", "Abl1 F382Y", "Abl1 I2M", "Abl1 L301I", "Abl1 M290L", "Abl1 M290L+301I"], "# Ground State Stabilizing Variants": 5, "# Ground State Destabilizing Variants": 5, "Ground State Stabilizing Variants": ["Abl1 E255V", "Abl1 F382L", "Abl1 E255V+T315I", "Abl1 E255K+T315I", "Abl1 M290L"], "Ground State Destabilizing Variants": ["Abl1 F382V", "Abl1 F382Y", "Abl1 I2M", "Abl1 L301I", "Abl1 M290L+301I"], "Relative State Populations": {"Abl1 E255V": {"Ground": 87.5, "S1": 8.125, "S2": 4.375}, "Abl1 F382L": {"Ground": 88.125, "S1": 5.0, "S2": 6.875000000000001}, "Abl1 E255V+T315I": {"Ground": 86.875, "S1": 8.125, "S2": 5.0}, "Abl1 E255K+T315I": {"Ground": 88.75, "S1": 5.0, "S2": 6.25}, "Abl1": {"Ground": 85.625, "S1": 10.0, "S2": 4.375}, "Abl1 F382V": {"Ground": 77.5, "S1": 8.75, "S2": 13.750000000000002}, "Abl1 F382Y": {"Ground": 80.625, "S1": 5.0, "S2": 14.374999999999998}, "Abl1 I2M": {"Ground": 83.75, "S1": 10.0, "S2": 6.25}, "Abl1 L301I": {"Ground": 79.375, "S1": 6.875000000000001, "S2": 13.750000000000002}, "Abl1 M290L": {"Ground": 90.625, "S1": 6.875000000000001, "S2": 2.5}, "Abl1 M290L+301I": {"Ground": 78.75, "S1": 6.875000000000001, "S2": 14.374999999999998}}, "Relative State Population Differences": {"Abl1 E255V": {"Ground": 1.875, "S1": -1.875, "S2": 0.0}, "Abl1 F382L": {"Ground": 2.5, "S1": -5.0, "S2": 2.5}, "Abl1 E255V+T315I": {"Ground": 1.25, "S1": -1.875, "S2": 0.625}, "Abl1 E255K+T315I": {"Ground": 3.125, "S1": -5.0, "S2": 1.875}, "Abl1": {"Ground": 0.0, "S1": 0.0, "S2": 0.0}, "Abl1 F382V": {"Ground": -8.125, "S1": -1.25, "S2": 9.375}, "Abl1 F382Y": {"Ground": -5.0, "S1": -5.0, "S2": 10.0}, "Abl1 I2M": {"Ground": -1.875, "S1": 0.0, "S2": 1.875}, "Abl1 L301I": {"Ground": -6.25, "S1": -3.125, "S2": 9.375}, "Abl1 M290L": {"Ground": 5.0, "S1": -3.125, "S2": -1.875}, "Abl1 M290L+301I": {"Ground": -6.875000000000001, "S1": -3.125, "S2": 10.0}}, "Accuracy %": 0.0, "Correct Predictions": [], "Incorrect Predictions": []}